Latitude,Longitude,SST,pH Level,Bleaching Severity,Species Observed,Year,Month,Season,Marine_Heatwave,Location_Caribbean Sea,Location_Galÿ£!pagos,Location_Great Barrier Reef,Location_Hawaiian Islands,Location_Maldives,Location_Red Sea,Location_South China Sea
0.9974756525126609,0.6398092274383311,0.6272756827048114,0.7020736352094765,0,0.35960591133004927,2015,1,1,0,0.0,0.0,0.0,0.0,0.0,1.0,0.0
0.002186728996234233,0.9998389034629824,0.6506827048114432,0.353364367329668,2,0.4581280788177339,2015,1,1,0,0.0,0.0,1.0,0.0,0.0,0.0,0.0
0.8663757953512532,0.26583992407049106,0.5479518855656695,0.16038933559035584,2,0.20197044334975367,2015,1,1,0,1.0,0.0,0.0,0.0,0.0,0.0,0.0
0.0017608102843786333,0.9994119482237704,0.5622561768530558,0.3228946254760956,1,0.2413793103448275,2015,1,1,0,0.0,0.0,1.0,0.0,0.0,0.0,0.0
0.4545513569666278,0.2132822612287416,0.514141742522757,0.26195514176894363,0,0.3990147783251231,2015,1,1,0,0.0,1.0,0.0,0.0,0.0,0.0,0.0
0.9969744189066356,0.6396425304082067,0.5739596879063718,0.37029200169276777,0,0.38916256157635465,2015,2,1,0,0.0,0.0,0.0,0.0,0.0,1.0,0.0
0.7363433320348008,0.8921592108180442,0.4985370611183355,0.3330512060939519,0,0.6157635467980295,2015,2,1,0,0.0,0.0,0.0,0.0,0.0,0.0,1.0
0.9952473704713676,0.6398662206917135,0.11882314694408302,0.48201438848921185,0,0.8128078817733989,2015,2,1,0,0.0,0.0,0.0,0.0,0.0,1.0,0.0
0.5615556421243996,0.7542444325333303,0.47903120936280885,0.4684722809987356,0,0.29064039408866993,2015,2,1,0,0.0,0.0,0.0,0.0,1.0,0.0,0.0
0.8660433709907807,0.26584091239280405,0.7078998699609884,0.45831570038087577,2,0.07389162561576346,2015,3,2,1,1.0,0.0,0.0,0.0,0.0,0.0,0.0
0.45306843267108177,0.21325590596706184,0.36849804941482445,0.6817604739737675,0,0.7438423645320197,2015,3,2,0,0.0,1.0,0.0,0.0,0.0,0.0,0.0
0.8681885469419557,0.2657783186463147,0.44131989596879073,0.5971223021582759,2,0.6847290640394089,2015,3,2,0,1.0,0.0,0.0,0.0,0.0,0.0,0.0
0.4520244124139723,0.21328885004416154,0.28527308192457745,0.41768937790943994,0,0.7733990147783251,2015,3,2,0,0.0,1.0,0.0,0.0,0.0,0.0,0.0
0.7388858589793534,0.8918422887963452,0.6974967490247077,0.4684722809987356,2,0.251231527093596,2015,3,2,1,0.0,0.0,0.0,0.0,0.0,0.0,1.0
0.9973016491364759,0.6400852988044264,0.49463589076723036,0.7765552264071083,2,0.11330049261083741,2015,4,2,0,0.0,0.0,0.0,0.0,0.0,1.0,0.0
0.73819244253993,0.891868644058025,0.44262028608582593,0.5564959796868401,1,0.2413793103448275,2015,4,2,0,0.0,0.0,0.0,0.0,0.0,0.0,1.0
0.8666926373198287,0.2659756536681418,0.7898244473342002,0.2721117223868035,2,0.15270935960591125,2015,4,2,1,1.0,0.0,0.0,0.0,0.0,0.0,0.0
0.8663264511102455,0.2660675676432499,0.5648569570871262,0.38721963605586396,0,0.5172413793103449,2015,4,2,0,1.0,0.0,0.0,0.0,0.0,0.0,0.0
0.8671055707051034,0.2660761331032958,0.3645968790637193,0.5260262378332641,0,0.5369458128078818,2015,4,2,0,1.0,0.0,0.0,0.0,0.0,0.0,0.0
0.5586962732112714,0.7542648578611321,0.5518530559167751,0.48201438848921185,0,0.41871921182266003,2015,5,2,0,0.0,0.0,0.0,0.0,1.0,0.0,0.0
0.0006518633943643493,0.9995094626919856,0.43481794538361473,0.4075327972915801,0,0.5172413793103449,2015,5,2,0,0.0,0.0,1.0,0.0,0.0,0.0,0.0
0.9946760161018051,0.0007547488063537333,0.5349479843953189,0.5361828184511239,0,0.4581280788177339,2015,5,2,0,0.0,0.0,0.0,1.0,0.0,0.0,0.0
0.0,0.999574362523872,0.5128413524057218,0.9187473550571283,1,0.4581280788177339,2015,5,2,0,0.0,0.0,1.0,0.0,0.0,0.0,0.0
0.0028827425009739227,0.999573044760788,0.27356957087126155,0.8205670757511605,1,0.7733990147783251,2015,6,3,0,0.0,0.0,1.0,0.0,0.0,0.0,0.0
0.9978600181794575,0.6396820633007263,0.7742197659297791,0.12991959373677986,0,0.3694581280788177,2015,6,3,1,0.0,0.0,0.0,0.0,0.0,1.0,0.0
0.9996753668354761,0.6396688856698864,0.39060468140442106,0.5835801946677961,0,0.49753694581280794,2015,6,3,0,0.0,0.0,0.0,0.0,0.0,1.0,0.0
0.9921386832878849,0.0004552871455176799,0.2943758127438234,0.6986881083368601,0,0.5172413793103449,2015,6,3,0,0.0,0.0,0.0,1.0,0.0,0.0,0.0
0.4546604337099079,0.21319034725363345,0.43871911573472033,0.678374947101144,2,0.35960591133004927,2015,6,3,0,0.0,1.0,0.0,0.0,0.0,0.0,0.0
0.45294377353590454,0.21353494230009618,0.18774382314694416,0.7020736352094765,0,0.7733990147783251,2015,7,3,0,0.0,1.0,0.0,0.0,0.0,0.0,0.0
0.5616127775613557,0.7540125062305485,0.24366059817945374,0.7325433770630561,2,0.7339901477832512,2015,7,3,0,0.0,0.0,0.0,0.0,1.0,0.0,0.0
0.9971562134787693,0.6398889521049123,0.36849804941482445,0.6174354633939956,1,0.6354679802955664,2015,7,3,0,0.0,0.0,0.0,0.0,0.0,1.0,0.0
0.0015634333203479733,0.999886013493235,0.5934655396618989,0.2585696148963237,2,0.5172413793103449,2015,7,3,0,0.0,0.0,1.0,0.0,0.0,0.0,0.0
0.5593325542137386,0.7543459002907973,0.7274057217165151,0.2517985611510838,0,0.46798029556650234,2015,7,3,1,0.0,0.0,0.0,0.0,1.0,0.0,0.0
0.9973665757693808,0.6399673590084096,0.8717490247074129,0.2754972492594199,1,0.10344827586206895,2015,8,3,1,0.0,0.0,0.0,0.0,0.0,1.0,0.0
0.7359693546292692,0.8917197368295344,0.4855331599479844,0.5734236140499434,0,0.5467980295566502,2015,8,3,0,0.0,0.0,0.0,0.0,0.0,0.0,1.0
0.9952265939488381,0.0004463922447007773,0.7846228868660599,0.3161235717308557,0,0.6748768472906405,2015,8,3,1,0.0,0.0,0.0,1.0,0.0,0.0,0.0
0.8677911959485782,0.26577535367937566,0.291775032509753,0.6986881083368601,1,0.6157635467980295,2015,8,3,0,1.0,0.0,0.0,0.0,0.0,0.0,0.0
0.8679054668224908,0.2659947612328596,0.4868335500650196,0.3736775285653877,0,0.28078817733990147,2015,9,4,0,1.0,0.0,0.0,0.0,0.0,0.0,0.0
0.0019114400727178182,0.9997196459038815,0.5427503250975292,0.2754972492594199,1,0.4876847290640395,2015,9,4,0,0.0,0.0,1.0,0.0,0.0,0.0,0.0
0.737626282301,0.8917085358433205,0.5310468140442133,0.502327549724928,1,0.3004926108374384,2015,9,4,0,0.0,0.0,0.0,0.0,0.0,0.0,1.0
0.45311258278145705,0.21341173145174336,0.711801040312094,0.5768091409225597,0,0.13300492610837433,2015,9,4,1,0.0,1.0,0.0,0.0,0.0,0.0,0.0
0.7359070250616804,0.8919391443830182,0.6012678803641092,0.5429538721963638,1,0.9901477832512314,2015,9,4,0,0.0,0.0,0.0,0.0,0.0,0.0,1.0
0.9975717439293601,0.640019081209456,0.6870936280884266,0.5226407109606477,0,0.3004926108374384,2015,10,4,0,0.0,0.0,0.0,0.0,0.0,1.0,0.0
0.9978158680690821,0.639704794713925,0.45432379713914184,0.45154464663563587,2,0.5369458128078818,2015,10,4,0,0.0,0.0,0.0,0.0,0.0,1.0,0.0
0.5636021295935594,0.7539084029469135,0.6350780234070226,0.16716038933559574,0,0.3201970443349754,2015,10,4,0,0.0,0.0,0.0,0.0,1.0,0.0,0.0
0.4540605116218674,0.21333003014053614,0.2904746423927178,0.4989420228523116,0,0.7536945812807881,2015,10,4,0,0.0,1.0,0.0,0.0,0.0,0.0,0.0
0.001542656797818509,0.9996142248571627,0.5102405721716514,0.39399068980110385,0,0.8029556650246304,2015,10,4,0,0.0,0.0,1.0,0.0,0.0,0.0,0.0
0.0033138553434618467,0.9992449217528752,0.5375487646293893,0.3770630554380041,0,0.5862068965517241,2015,11,4,0,0.0,0.0,1.0,0.0,0.0,0.0,0.0
0.4516192702246462,0.2133007099119174,0.5999674902470744,0.6038933559035122,1,0.2413793103448275,2015,11,4,0,0.0,1.0,0.0,0.0,0.0,0.0,0.0
0.99371769900013,0.0003660086965774356,0.3736996098829648,0.8747355057130761,0,0.6453201970443349,2015,11,4,0,0.0,0.0,0.0,1.0,0.0,0.0,0.0
0.7354888975457734,0.8920053619779886,0.9146618985695709,0.4684722809987356,1,0.0,2015,11,4,1,0.0,0.0,0.0,0.0,0.0,0.0,1.0
0.9962030905077264,0.6400404948595708,0.3632964889466841,0.6546762589928079,1,0.7142857142857143,2015,12,1,0,0.0,0.0,0.0,0.0,0.0,1.0,0.0
0.9929489676665371,0.0004342029361737998,0.0,0.6648328396106677,2,0.9310344827586207,2015,12,1,0,0.0,0.0,0.0,1.0,0.0,0.0,0.0
0.4510271393325543,0.21358831170499765,0.22155396618985712,0.5801946677951761,0,0.7241379310344828,2015,12,1,0,0.0,1.0,0.0,0.0,0.0,0.0,0.0
0.004363069731203761,0.9993421067803192,0.7274057217165151,0.39399068980110385,0,0.1724137931034483,2015,12,1,1,0.0,0.0,1.0,0.0,0.0,0.0,0.0
0.7377249707830154,0.8918870927412008,0.38410273081924595,0.5801946677951761,0,0.5270935960591133,2015,12,1,0,0.0,0.0,0.0,0.0,0.0,0.0,1.0
0.45279574081288154,0.21342853293106417,0.8106306892067621,0.1400761743546397,0,0.5763546798029556,2016,1,1,1,0.0,1.0,0.0,0.0,0.0,0.0,0.0
0.5580625892741203,0.7541910631284288,0.6155721716514955,0.4955564959796881,0,0.31034482758620685,2016,1,1,0,0.0,0.0,0.0,0.0,1.0,0.0,0.0
0.9938813141150502,0.0003627142888675827,0.38670351105331635,0.7122302158273364,1,0.6354679802955664,2016,1,1,0,0.0,0.0,0.0,1.0,0.0,0.0,0.0
0.9959329957148424,0.6399802071984785,0.5609557867360211,0.6140499365213721,2,0.5369458128078818,2016,1,1,0,0.0,0.0,0.0,0.0,0.0,1.0,0.0
0.4515725230489548,0.2132272446199851,0.6467815344603385,0.5361828184511239,0,0.3793103448275862,2016,1,1,0,0.0,1.0,0.0,0.0,0.0,0.0,0.0
0.9943046357615897,0.0006545988119707191,0.3854031209362807,0.6614473127380478,1,0.5467980295566502,2016,2,1,0,0.0,0.0,0.0,1.0,0.0,0.0,0.0
0.7368419685755099,0.8920350116473783,0.6623862158647595,0.5632670334320835,1,0.5665024630541872,2016,2,1,0,0.0,0.0,0.0,0.0,0.0,0.0,1.0
0.0025191533567068825,0.9996909845568049,0.44001950585175553,0.5971223021582759,0,0.5172413793103449,2016,2,1,0,0.0,0.0,1.0,0.0,0.0,0.0,0.0
0.7372497078301521,0.8919523220138581,0.34118985695708703,0.9458315700380879,0,0.46798029556650234,2016,2,1,0,0.0,0.0,0.0,0.0,0.0,0.0,1.0
0.7355486300480458,0.8920448948705082,0.655884265279584,0.5327972915785075,0,0.46798029556650234,2016,3,2,0,0.0,0.0,0.0,0.0,0.0,0.0,1.0
0.9968159979223479,0.6396840399453523,0.5154421326397918,0.38721963605586396,1,0.6256157635467979,2016,3,2,0,0.0,0.0,0.0,0.0,0.0,1.0,0.0
0.9966393974808467,0.6396958998131081,0.43871911573472033,0.6106644096487521,0,0.4581280788177339,2016,3,2,0,0.0,0.0,0.0,0.0,0.0,1.0,0.0
0.0014231917932736038,0.9996188370279566,0.5492522756827052,0.39737621667372025,0,0.38916256157635465,2016,3,2,0,0.0,0.0,1.0,0.0,0.0,0.0,0.0
0.5608985845994028,0.7539775855088229,0.22675552665799747,0.5294117647058805,1,0.6650246305418718,2016,3,2,0,0.0,0.0,0.0,0.0,1.0,0.0,0.0
0.4530502532138684,0.21356261532485987,0.6688881664499351,0.39399068980110385,1,0.35960591133004927,2016,4,2,0,0.0,1.0,0.0,0.0,0.0,0.0,0.0
0.0011894559148162842,0.999575680286956,0.4452210663198959,0.5937367752856524,1,0.40886699507389157,2016,4,2,0,0.0,0.0,1.0,0.0,0.0,0.0,0.0
0.9948266458901442,0.0006964377898872609,0.48033159947984405,0.5869657215404196,1,0.605911330049261,2016,4,2,0,0.0,0.0,0.0,1.0,0.0,0.0,0.0
0.4521256979613038,0.21335638540221585,0.5037386215864759,0.5260262378332641,1,0.3793103448275862,2016,4,2,0,0.0,1.0,0.0,0.0,0.0,0.0,0.0
0.5606284898065187,0.7542981313790027,0.7846228868660599,0.5226407109606477,2,0.5960591133004925,2016,5,2,1,0.0,0.0,0.0,0.0,1.0,0.0,0.0
0.0014933125568107886,0.9997222814300495,0.5375487646293893,0.8611933982225963,0,0.3497536945812808,2016,5,2,0,0.0,0.0,1.0,0.0,0.0,0.0,0.0
0.4515569406570576,0.21322065580456517,0.08631339401820526,0.6343630977570882,0,0.6945812807881774,2016,5,2,0,0.0,1.0,0.0,0.0,0.0,0.0,0.0
0.8671730944033245,0.2659730181419738,0.8665474642392721,0.4786288616165919,0,0.13300492610837433,2016,5,2,1,1.0,0.0,0.0,0.0,0.0,0.0,0.0
0.7359589663680043,0.8919351910937663,0.24366059817945374,0.9526026237833207,0,0.8620689655172414,2016,5,2,0,0.0,0.0,0.0,0.0,0.0,0.0,1.0
0.8663680041553046,0.2656343530293891,0.7651170351105336,0.353364367329668,1,0.4778325123152708,2016,6,3,1,1.0,0.0,0.0,0.0,0.0,0.0,0.0
0.450577847032853,0.21322065580456517,0.5024382314694411,0.5158696572154042,0,0.4285714285714285,2016,6,3,0,0.0,1.0,0.0,0.0,0.0,0.0,0.0
0.867786001817946,0.26574076239842104,0.4738296488946685,0.5429538721963638,0,0.5862068965517241,2016,6,3,0,1.0,0.0,0.0,0.0,0.0,0.0,0.0
0.003415140890793422,0.9993934995405948,0.20204811443433002,0.881506559458316,0,0.7635467980295566,2016,6,3,0,0.0,0.0,1.0,0.0,0.0,0.0,0.0
0.5596260225944684,0.7544717466653181,0.523244473342003,0.6953025814642437,0,0.4876847290640395,2016,6,3,0,0.0,0.0,0.0,0.0,1.0,0.0,0.0
0.00516556291390724,0.9998678942508301,0.45302340702210664,0.6986881083368601,0,0.6256157635467979,2016,7,3,0,0.0,0.0,1.0,0.0,0.0,0.0,0.0
0.5623737176990002,0.754057310175404,0.6350780234070226,0.6174354633939956,2,0.13300492610837433,2016,7,3,0,0.0,0.0,0.0,0.0,1.0,0.0,0.0
0.7355875860277887,0.8915181190776844,0.4491222366710015,0.6580617858654243,0,0.7536945812807881,2016,7,3,0,0.0,0.0,0.0,0.0,0.0,0.0,1.0
0.0025866770549279328,0.9998468100414863,0.23195708712613783,0.3601354210749079,0,0.6847290640394089,2016,7,3,0,0.0,0.0,1.0,0.0,0.0,0.0,0.0
0.997330216854954,0.6398266877991939,0.09801690507152117,0.7054591620821036,0,0.605911330049261,2016,8,3,0,0.0,0.0,0.0,0.0,0.0,1.0,0.0
0.4535177249707831,0.21337977569695665,0.3177828348504552,0.5192551840880277,2,0.4778325123152708,2016,8,3,0,0.0,1.0,0.0,0.0,0.0,0.0,0.0
0.002410076613426848,0.9997361179424316,0.30868010403120927,0.6953025814642437,0,0.5566502463054187,2016,8,3,0,0.0,0.0,1.0,0.0,0.0,0.0,0.0
0.4516192702246462,0.2133016982342304,0.2995773732119633,0.5192551840880277,0,0.46798029556650234,2016,8,3,0,0.0,1.0,0.0,0.0,0.0,0.0,0.0
0.5631476431632256,0.7542220305609024,0.3645968790637193,0.6174354633939956,1,0.5763546798029556,2016,8,3,0,0.0,0.0,0.0,0.0,1.0,0.0,0.0
0.8666926373198287,0.26601782208682934,0.6493823146944084,0.3432077867118082,0,0.3004926108374384,2016,9,4,0,1.0,0.0,0.0,0.0,0.0,0.0,0.0
0.8666199194909754,0.26553749744271604,0.20594928478543562,0.8950486669487923,0,0.960591133004926,2016,9,4,0,1.0,0.0,0.0,0.0,0.0,0.0,0.0
0.996506947149721,0.639926837793577,0.5622561768530558,1.0,0,0.6157635467980295,2016,9,4,0,0.0,0.0,0.0,0.0,0.0,1.0,0.0
0.8668121023243736,0.2657592110815969,0.18774382314694416,0.7054591620821036,0,0.6157635467980295,2016,9,4,0,1.0,0.0,0.0,0.0,0.0,0.0,0.0
0.9923048954681213,0.0003376767902717459,0.2904746423927178,0.9052052475666521,1,0.7832512315270935,2016,9,4,0,0.0,0.0,0.0,1.0,0.0,0.0,0.0
0.73711466043371,0.8920979348346387,0.5167425227568274,0.35674989420229153,0,0.7044334975369458,2016,10,4,0,0.0,0.0,0.0,0.0,0.0,0.0,1.0
0.003189196208284617,0.9994076654937476,0.4634265279583878,0.3804485823106276,1,0.3201970443349754,2016,10,4,0,0.0,0.0,1.0,0.0,0.0,0.0,0.0
0.003693026879626027,0.999893261190197,0.22805591677503223,0.7460854845535323,2,0.605911330049261,2016,10,4,0,0.0,0.0,1.0,0.0,0.0,0.0,0.0
0.0018569017010778288,0.9994811307856799,0.3320871261378411,0.6038933559035122,0,0.49753694581280794,2016,10,4,0,0.0,0.0,1.0,0.0,0.0,0.0,0.0
0.9945020127256201,0.0004358501400288928,0.45432379713914184,0.3804485823106276,0,0.43842364532019695,2016,11,4,0,0.0,0.0,0.0,1.0,0.0,0.0,0.0
0.7381067393844957,0.8919365088568503,0.30998049414824447,0.6242065171392319,0,0.7438423645320197,2016,11,4,0,0.0,0.0,0.0,0.0,0.0,0.0,1.0
0.00032203609920788967,0.9996682531436061,0.37239921976593005,0.6716038933559076,0,0.4778325123152708,2016,11,4,0,0.0,0.0,1.0,0.0,0.0,0.0,0.0
0.45030515517465275,0.2130513232482728,0.5102405721716514,0.5497249259416002,0,0.3497536945812808,2016,11,4,0,0.0,1.0,0.0,0.0,0.0,0.0,0.0
0.7379535125308403,0.8915803833834027,0.48813394018205436,0.3093525179856158,2,0.40886699507389157,2016,11,4,0,0.0,0.0,0.0,0.0,0.0,0.0,1.0
0.5606596545903131,0.7540744410954959,0.42571521456436967,0.7190012695725798,0,0.46798029556650234,2016,12,1,0,0.0,0.0,0.0,0.0,1.0,0.0,0.0
0.45373328139202707,0.21313335400025102,0.6038686605981796,0.6986881083368601,0,0.044334975369458074,2016,12,1,0,0.0,1.0,0.0,0.0,0.0,0.0,0.0
0.8659446825087653,0.2660118921529514,0.4621261378413526,0.5937367752856524,0,0.4285714285714285,2016,12,1,0,1.0,0.0,0.0,0.0,0.0,0.0,0.0
0.002602259446825017,0.9995529488737571,0.7287061118335503,0.4346170122725397,0,0.3694581280788177,2016,12,1,1,0.0,0.0,1.0,0.0,0.0,0.0,0.0
0.0019555901830931033,0.9994982617057717,0.4166124837451237,0.620820990266612,0,0.49753694581280794,2016,12,1,0,0.0,0.0,1.0,0.0,0.0,0.0,0.0
0.0028671601090767274,0.9999206047741896,0.671488946684005,0.36690647482014427,2,0.5369458128078818,2017,1,1,0,0.0,0.0,1.0,0.0,0.0,0.0,0.0
0.0019607843137254832,0.9992429451082492,0.30477893368010367,0.29581041049513956,0,0.5862068965517241,2017,1,1,0,0.0,0.0,1.0,0.0,0.0,0.0,0.0
0.9941747824957801,0.0007201575253991122,0.5648569570871262,0.4380025391451561,0,0.5665024630541872,2017,1,1,0,0.0,0.0,0.0,1.0,0.0,0.0,0.0
0.7342526944552656,0.8918930226750788,0.6519830949284788,0.18070249682607553,1,0.5467980295566502,2017,1,1,0,0.0,0.0,0.0,0.0,0.0,0.0,1.0
0.4530866121282951,0.2132509643554969,0.6246749024707414,0.8307236563690203,0,0.4285714285714285,2017,2,1,0,0.0,1.0,0.0,0.0,0.0,0.0,0.0
0.002812621737436738,0.9995028738765657,0.3359882964889467,0.7359289039356796,2,0.4876847290640395,2017,2,1,0,0.0,0.0,1.0,0.0,0.0,0.0,0.0
0.9942449032593172,0.00036534981503555386,0.5947659297789336,0.5158696572154042,2,0.5763546798029556,2017,2,1,0,0.0,0.0,0.0,1.0,0.0,0.0,0.0
0.993489157252305,0.00039961165521917863,0.30998049414824447,0.5327972915785075,2,0.6945812807881774,2017,2,1,0,0.0,0.0,0.0,1.0,0.0,0.0,0.0
0.45362939877937936,0.2131676158404347,0.6701885565669703,0.651290732120188,2,0.4285714285714285,2017,3,2,0,0.0,1.0,0.0,0.0,0.0,0.0,0.0
0.5630333722893132,0.7540886070486488,0.25796488946684004,0.3330512060939519,0,0.9014778325123153,2017,3,2,0,0.0,0.0,0.0,0.0,1.0,0.0,0.0
0.99768082067264,0.639822734509942,0.5557542262678807,0.28903935674989967,2,0.8128078817733989,2017,3,2,0,0.0,0.0,0.0,0.0,0.0,1.0,0.0
0.8671471237501625,0.26593480301253813,0.6428803641092329,0.5158696572154042,0,0.41871921182266003,2017,3,2,0,1.0,0.0,0.0,0.0,0.0,0.0,0.0
0.7360992078950788,0.8919318966860563,0.8678478543563073,0.5463393990689838,1,0.4482758620689654,2017,3,2,1,0.0,0.0,0.0,0.0,0.0,0.0,1.0
0.9961667315932998,0.6396688856698864,0.47643042912873845,0.5327972915785075,0,0.6748768472906405,2017,4,2,0,0.0,0.0,0.0,0.0,0.0,1.0,0.0
0.9946344630567461,0.6400839810413425,0.46992847854356334,0.45154464663563587,0,0.3694581280788177,2017,4,2,0,0.0,0.0,0.0,0.0,0.0,1.0,0.0
0.45049993507336716,0.21345521763351488,0.5154421326397918,0.28226830300465977,0,0.29064039408866993,2017,4,2,0,0.0,1.0,0.0,0.0,0.0,0.0,0.0
0.9937151019348138,0.000719169203086123,0.45042262678803624,0.28226830300465977,0,0.49753694581280794,2017,4,2,0,0.0,0.0,0.0,1.0,0.0,0.0,0.0
0.9937982080249319,0.0,0.4907347204161252,0.4752433347439684,0,0.605911330049261,2017,4,2,0,0.0,0.0,0.0,1.0,0.0,0.0,0.0
0.0048902739903908254,0.9997641204079661,0.4491222366710015,0.34997884045705163,2,0.9113300492610837,2017,5,2,0,0.0,0.0,1.0,0.0,0.0,0.0,0.0
0.7372029606544606,0.891856454749498,0.49593628088426556,0.5463393990689838,0,0.4778325123152708,2017,5,2,0,0.0,0.0,0.0,0.0,0.0,0.0,1.0
0.7363796909492275,0.891764211333619,0.49463589076723036,0.42107490478205634,2,0.38916256157635465,2017,5,2,0,0.0,0.0,0.0,0.0,0.0,0.0,1.0
0.9942890533696924,0.00040224718138714977,0.7950260078023415,0.0,0,0.4285714285714285,2017,5,2,1,0.0,0.0,0.0,1.0,0.0,0.0,0.0
0.9957693805999221,0.00010245607978009996,0.43481794538361473,0.48201438848921185,0,0.33990147783251234,2017,6,3,0,0.0,0.0,0.0,1.0,0.0,0.0,0.0
0.7361147902869758,0.8916713090361978,0.8431404421326403,0.48878544223445175,0,0.41871921182266003,2017,6,3,1,0.0,0.0,0.0,0.0,0.0,0.0,1.0
0.9977691208933908,0.6396458248159167,0.39840702210663226,0.6445196783749481,1,0.38916256157635465,2017,6,3,0,0.0,0.0,0.0,0.0,0.0,1.0,0.0
0.4535722633424231,0.21327995514334464,0.4283159947984396,0.6682183664832841,1,0.6157635467980295,2017,6,3,0,0.0,1.0,0.0,0.0,0.0,0.0,0.0
0.7366575769380601,0.8920452243112793,0.2904746423927178,0.7223867964451962,0,0.7438423645320197,2017,6,3,0,0.0,0.0,0.0,0.0,0.0,0.0,1.0
0.9937488637839242,0.0004977850049762145,0.2566644993498053,0.793482860770208,1,0.6453201970443349,2017,7,3,0,0.0,0.0,0.0,1.0,0.0,0.0,0.0
0.45196987404233224,0.21349244444063759,0.3632964889466841,0.3432077867118082,0,0.3694581280788177,2017,7,3,0,0.0,1.0,0.0,0.0,0.0,0.0,0.0
0.9949383196987407,0.00023324406586577862,0.8431404421326403,0.0,2,0.4876847290640395,2017,7,3,1,0.0,0.0,0.0,1.0,0.0,0.0,0.0
0.002765874561745263,0.9995628320968871,0.39450585175552666,0.6309775708844718,2,0.5665024630541872,2017,7,3,0,0.0,0.0,1.0,0.0,0.0,0.0,0.0
0.003924165692767212,0.9995974233778417,0.5310468140442133,0.4312314853999162,0,0.4581280788177339,2017,7,3,0,0.0,0.0,1.0,0.0,0.0,0.0,0.0
0.9945513569666278,0.0001624143001014433,0.23845903771131338,0.7731696995344919,2,0.7142857142857143,2017,8,3,0,0.0,0.0,0.0,1.0,0.0,0.0,0.0
0.9939124788988445,0.0004470511262427701,0.5687581274382314,0.383834109183244,0,0.3300492610837439,2017,8,3,0,0.0,0.0,0.0,1.0,0.0,0.0,0.0
0.7373795610959617,0.8916930521270836,0.5804616384915473,0.18070249682607553,1,0.5862068965517241,2017,8,3,0,0.0,0.0,0.0,0.0,0.0,0.0,1.0
0.5612102324373459,0.7542582690457121,0.6922951885565669,0.6919170545916202,0,0.49753694581280794,2017,8,3,0,0.0,0.0,0.0,0.0,1.0,0.0,0.0
0.00010128554733146444,0.9993678031604569,0.37890117035110515,0.5768091409225597,0,0.6650246305418718,2017,9,4,0,0.0,0.0,1.0,0.0,0.0,0.0,0.0
0.7361823139851968,0.8918847866558037,0.3541937581274386,0.48201438848921185,1,0.3990147783251231,2017,9,4,0,0.0,0.0,0.0,0.0,0.0,0.0,1.0
0.9929515647318532,0.0002213841981099085,0.31128088426527967,0.7867118070249681,0,0.49753694581280794,2017,9,4,0,0.0,0.0,0.0,1.0,0.0,0.0,0.0
0.5640150629788341,0.7542974724974607,0.5375487646293893,0.3465933135844317,2,0.5665024630541872,2017,9,4,0,0.0,0.0,0.0,0.0,1.0,0.0,0.0
0.0017426308271653035,0.9995987411409257,1.0000000000000004,0.23148539991536765,1,0.28078817733990147,2017,9,4,1,0.0,0.0,1.0,0.0,0.0,0.0,0.0
0.8660641475133102,0.2659110832770264,0.847041612483745,0.22471434617012775,1,0.49753694581280794,2017,10,4,1,1.0,0.0,0.0,0.0,0.0,0.0,0.0
0.0034099467601610423,0.9994860723972449,0.6246749024707414,0.6106644096487521,0,0.4876847290640395,2017,10,4,0,0.0,0.0,1.0,0.0,0.0,0.0,0.0
0.9947928840410338,0.6397120424108871,0.45302340702210664,0.5226407109606477,0,0.6256157635467979,2017,10,4,0,0.0,0.0,0.0,0.0,0.0,1.0,0.0
0.737356187508116,0.8916340822290751,0.5752600780234074,0.5734236140499434,2,0.5172413793103449,2017,10,4,0,0.0,0.0,0.0,0.0,0.0,0.0,1.0
0.5619997402934684,0.7543534774285302,0.5908647594278285,0.45154464663563587,0,0.18226600985221675,2017,10,4,0,0.0,0.0,0.0,0.0,1.0,0.0,0.0
0.0030489546812102475,0.9996129070940786,0.5544538361508455,0.26534066864156003,1,0.29064039408866993,2017,11,4,0,0.0,0.0,1.0,0.0,0.0,0.0,0.0
0.0038592390598623516,0.999572056438475,0.6337776332899869,0.4447735928903995,2,0.3990147783251231,2017,11,4,0,0.0,0.0,1.0,0.0,0.0,0.0,0.0
0.4538657317231529,0.21323449231694708,0.5193433029908974,0.42107490478205634,0,0.41871921182266003,2017,11,4,0,0.0,1.0,0.0,0.0,0.0,0.0,0.0
0.9937488637839242,0.0004806540848844021,0.40750975292587777,0.7697841726618719,1,0.4285714285714285,2017,11,4,0,0.0,0.0,0.0,1.0,0.0,0.0,0.0
0.4524061810154526,0.21324701106624494,0.7833224967490251,0.39399068980110385,0,0.4285714285714285,2017,12,1,1,0.0,1.0,0.0,0.0,0.0,0.0,0.0
0.45071808855992734,0.21336363309917777,0.6740897269180754,0.4312314853999162,0,0.5172413793103449,2017,12,1,0,0.0,1.0,0.0,0.0,0.0,0.0,0.0
0.0018179457213349237,0.9998109009974477,0.9497724317295186,0.21455776555227146,2,0.08374384236453203,2017,12,1,1,0.0,0.0,1.0,0.0,0.0,0.0,0.0
0.5624853915075965,0.7544763588361121,0.399707412223667,0.4921709691070717,0,0.5270935960591133,2017,12,1,0,0.0,0.0,0.0,0.0,1.0,0.0,0.0
0.7353798208024933,0.8917029353502135,0.30477893368010367,0.48201438848921185,0,0.6354679802955664,2017,12,1,0,0.0,0.0,0.0,0.0,0.0,0.0,1.0
0.9971354369562397,0.6400872754490524,0.3060793237971393,0.7765552264071083,2,0.605911330049261,2018,1,1,0,0.0,0.0,0.0,0.0,0.0,1.0,0.0
0.5605323983898196,0.7543271221668505,0.28267230169050706,0.6885315277190003,1,0.6847290640394089,2018,1,1,0,0.0,0.0,0.0,0.0,1.0,0.0,0.0
0.0031294637060122477,0.9996264141656894,0.9796814044213265,0.15023275497249955,0,0.054187192118226535,2018,1,1,1,0.0,0.0,1.0,0.0,0.0,0.0,0.0
0.0016803012595766886,0.9994870607195578,0.3763003901170352,0.7765552264071083,0,0.793103448275862,2018,1,1,0,0.0,0.0,1.0,0.0,0.0,0.0,0.0
0.9960914166991301,0.6396949114907952,0.5934655396618989,0.36690647482014427,0,0.5172413793103449,2018,1,1,0,0.0,0.0,0.0,0.0,0.0,1.0,0.0
0.0027528892351642575,0.9993289291494794,0.8028283485045518,0.6546762589928079,2,0.1724137931034483,2018,2,1,1,0.0,0.0,1.0,0.0,0.0,0.0,0.0
0.560093494351383,0.7542632106572771,0.5661573472041614,0.5869657215404196,0,0.7438423645320197,2018,2,1,0,0.0,0.0,0.0,0.0,1.0,0.0,0.0
0.002262043890403853,0.9994471983862672,0.23195708712613783,0.5260262378332641,1,0.6945812807881774,2018,2,1,0,0.0,0.0,1.0,0.0,0.0,0.0,0.0
0.4549772756784834,0.21323416287617603,0.5453511053315996,0.48201438848921185,0,0.6354679802955664,2018,2,1,0,0.0,1.0,0.0,0.0,0.0,0.0,0.0
0.9974315024022855,0.00035678435498964767,0.40620936280884257,0.7359289039356796,2,0.6650246305418718,2018,3,2,0,0.0,0.0,0.0,1.0,0.0,0.0,0.0
0.999228671601091,0.6399281555566609,0.43091677503251,0.6445196783749481,0,0.7142857142857143,2018,3,2,0,0.0,0.0,0.0,0.0,0.0,1.0,0.0
0.5616621218023634,0.7542997785828578,0.7092002600780236,0.5971223021582759,0,0.5369458128078818,2018,3,2,1,0.0,0.0,0.0,0.0,1.0,0.0,0.0
0.003332034800675232,0.9995509722291311,0.5297464239271781,0.6986881083368601,0,0.3497536945812808,2018,3,2,0,0.0,0.0,1.0,0.0,0.0,0.0,0.0
0.5610751850409039,0.7541512007951381,0.5063394018205463,0.7223867964451962,0,0.5172413793103449,2018,3,2,0,0.0,0.0,0.0,0.0,1.0,0.0,0.0
0.0025503181405012176,0.9993546255296171,0.6467815344603385,0.5429538721963638,0,0.7044334975369458,2018,4,2,0,0.0,0.0,1.0,0.0,0.0,0.0,0.0
0.8665783664459163,0.265952922254943,0.5492522756827052,0.7494710114261558,0,0.43842364532019695,2018,4,2,0,1.0,0.0,0.0,0.0,0.0,0.0,0.0
0.45301129723412553,0.21341963803024727,0.5375487646293893,0.41430385103682354,1,0.49753694581280794,2018,4,2,0,0.0,1.0,0.0,0.0,0.0,0.0,0.0
0.9955460329827297,0.0002750830437824314,0.5271456436931081,0.3770630554380041,0,0.6453201970443349,2018,4,2,0,0.0,0.0,0.0,1.0,0.0,0.0,0.0
0.0005116218672899797,0.9994867312787868,0.5752600780234074,0.7359289039356796,0,0.4285714285714285,2018,5,2,0,0.0,0.0,1.0,0.0,0.0,0.0,0.0
0.0017686014803272032,0.999888649019403,0.21895318595578672,0.2856538298772797,1,0.7733990147783251,2018,5,2,0,0.0,0.0,1.0,0.0,0.0,0.0,0.0
0.5599454616283601,0.7540477563930452,0.6389791937581273,0.4786288616165919,0,0.3004926108374384,2018,5,2,0,0.0,0.0,0.0,0.0,1.0,0.0,0.0
0.9924892871055708,0.0005877223354583405,0.6285760728218466,0.4278459585272998,0,0.6650246305418718,2018,5,2,0,0.0,0.0,0.0,1.0,0.0,0.0,0.0
0.5592078950785613,0.7539647373187539,0.3658972691807545,0.5700380871773163,0,0.6354679802955664,2018,5,2,0,0.0,0.0,0.0,0.0,1.0,0.0,0.0
0.5602830801194651,0.75427408220272,0.2566644993498053,0.881506559458316,0,0.6650246305418718,2018,6,3,0,0.0,0.0,0.0,0.0,1.0,0.0,0.0
0.003942345149980486,0.9996349796257353,0.5908647594278285,0.55988150655946,0,0.4876847290640395,2018,6,3,0,0.0,0.0,1.0,0.0,0.0,0.0,0.0
0.994985066874432,0.0006631642720166253,0.538849154746424,0.6106644096487521,0,0.4482758620689654,2018,6,3,0,0.0,0.0,0.0,1.0,0.0,0.0,0.0
0.996021295935593,0.00033273517870680003,0.8522431729518858,0.31950909860347565,2,0.014778325123152691,2018,6,3,1,0.0,0.0,0.0,1.0,0.0,0.0,0.0
0.9943176210881706,0.0003317468563939219,0.6649869960988299,0.31273804485823575,1,0.3004926108374384,2018,7,3,0,0.0,0.0,0.0,1.0,0.0,0.0,0.0
0.8645240877808078,0.26584223015588804,0.02779583875162528,0.48878544223445175,1,0.960591133004926,2018,7,3,0,1.0,0.0,0.0,0.0,0.0,0.0,0.0
0.8679989611738737,0.2659868546543557,0.31258127438231487,0.6005078290308958,0,0.6354679802955664,2018,7,3,0,1.0,0.0,0.0,0.0,0.0,0.0,0.0
0.0009868848201532443,0.9998263847136846,0.6727893368010407,0.383834109183244,0,0.3694581280788177,2018,7,3,0,0.0,0.0,1.0,0.0,0.0,0.0,0.0
0.737395143487859,0.8915177896369133,0.45302340702210664,0.41768937790943994,0,0.3793103448275862,2018,7,3,0,0.0,0.0,0.0,0.0,0.0,0.0,1.0
0.996465394104662,0.6401281261046561,0.6259752925877766,0.3465933135844317,2,0.4778325123152708,2018,8,3,0,0.0,0.0,0.0,0.0,0.0,1.0,0.0
0.9959693546292692,0.0005962877955042467,0.5128413524057218,0.39399068980110385,0,0.5862068965517241,2018,8,3,0,0.0,0.0,0.0,1.0,0.0,0.0,0.0
0.003002207505518828,0.9997262347193014,0.6246749024707414,0.620820990266612,1,0.3201970443349754,2018,8,3,0,0.0,0.0,1.0,0.0,0.0,0.0,0.0
0.7388365147383458,0.8918867633004298,0.9055591677503254,0.18070249682607553,0,0.43842364532019695,2018,8,3,1,0.0,0.0,0.0,0.0,0.0,0.0,1.0
0.867235423970913,0.2658092860787884,0.40620936280884257,0.502327549724928,2,0.6256157635467979,2018,8,3,0,1.0,0.0,0.0,0.0,0.0,0.0,0.0
0.9975094143617713,0.6397374093502538,0.49593628088426556,0.8747355057130761,0,0.7536945812807881,2018,9,4,0,0.0,0.0,0.0,0.0,0.0,1.0,0.0
0.5611634852616545,0.7542223600016735,0.5245448634590377,0.6005078290308958,1,0.3201970443349754,2018,9,4,0,0.0,0.0,0.0,0.0,1.0,0.0,0.0
0.5602623035969356,0.7539413470240132,0.5791612483745125,0.5768091409225597,1,0.35960591133004927,2018,9,4,0,0.0,0.0,0.0,0.0,1.0,0.0,0.0
0.996195299311778,0.0002421389666826812,0.21505201560468157,0.6953025814642437,0,0.8620689655172414,2018,9,4,0,0.0,0.0,0.0,1.0,0.0,0.0,0.0
0.4548344370860928,0.21324404609930597,0.711801040312094,0.39399068980110385,0,0.31034482758620685,2018,10,4,1,0.0,1.0,0.0,0.0,0.0,0.0,0.0
0.9979794831840023,0.6399393565428748,0.1942457737321197,0.9187473550571283,0,0.9310344827586207,2018,10,4,0,0.0,0.0,0.0,0.0,0.0,1.0,0.0
0.8661654330606416,0.26598191304279073,0.597366710013004,0.502327549724928,0,0.33990147783251234,2018,10,4,0,1.0,0.0,0.0,0.0,0.0,0.0,0.0
0.0016179716919880738,0.999574362523872,0.7300065019505855,0.48201438848921185,0,0.26108374384236444,2018,10,4,1,0.0,0.0,1.0,0.0,0.0,0.0,0.0
0.8679807817166603,0.2654475601122339,0.7248049414824447,0.09944985188320743,0,0.270935960591133,2018,10,4,1,1.0,0.0,0.0,0.0,0.0,0.0,0.0
0.0010362290611609093,0.9993654970750601,0.7274057217165151,0.31273804485823575,0,0.3694581280788177,2018,11,4,1,0.0,0.0,1.0,0.0,0.0,0.0,0.0
0.9940916764056618,0.0005228225035720513,0.5167425227568274,0.2856538298772797,2,0.6256157635467979,2018,11,4,0,0.0,0.0,0.0,1.0,0.0,0.0,0.0
0.9961901051811455,0.6395756539316944,0.4179128738621585,0.8070249682606843,0,0.6847290640394089,2018,11,4,0,0.0,0.0,0.0,0.0,0.0,1.0,0.0
0.002038696273211238,0.9995209931189706,0.43871911573472033,0.8916631400761759,0,0.5960591133004925,2018,11,4,0,0.0,0.0,1.0,0.0,0.0,0.0,0.0
0.8675366835475914,0.2660863457671967,0.5479518855656695,0.441388066017776,1,0.4285714285714285,2018,11,4,0,1.0,0.0,0.0,0.0,0.0,0.0,0.0
0.9940579145565513,0.0004378267846547601,0.6428803641092329,0.4447735928903995,2,0.49753694581280794,2018,12,1,0,0.0,0.0,0.0,1.0,0.0,0.0,0.0
0.9940475262952866,0.00045693434937255084,0.11102080624187272,0.8679644519678398,0,0.8423645320197043,2018,12,1,0,0.0,0.0,0.0,1.0,0.0,0.0,0.0
0.8682742500973901,0.2654396535337299,0.9081599479843958,0.2721117223868035,1,0.3497536945812808,2018,12,1,1,1.0,0.0,0.0,0.0,0.0,0.0,0.0
0.9954811063498248,0.6399327677274549,0.2956762028608586,0.5090986034701714,0,0.9310344827586207,2018,12,1,0,0.0,0.0,0.0,0.0,0.0,1.0,0.0
0.002243864433190468,0.9996145542979337,0.671488946684005,0.5057130765975479,1,0.38916256157635465,2019,1,1,0,0.0,0.0,1.0,0.0,0.0,0.0,0.0
0.7375977145825219,0.8922501364708393,0.48943433029909,0.5497249259416002,2,0.6551724137931033,2019,1,1,0,0.0,0.0,0.0,0.0,0.0,0.0,1.0
0.9982677574340997,0.640027646669502,0.6259752925877766,0.2517985611510838,2,0.6354679802955664,2019,1,1,0,0.0,0.0,0.0,0.0,0.0,1.0,0.0
0.7356369302687964,0.8919038942205216,0.3541937581274386,0.5734236140499434,0,0.6551724137931033,2019,1,1,0,0.0,0.0,0.0,0.0,0.0,0.0,1.0
0.9972497078301521,0.6399014708542102,0.8158322496749029,0.42107490478205634,0,0.2216748768472906,2019,1,1,1,0.0,0.0,0.0,0.0,0.0,1.0,0.0
0.0037423711206336363,0.999774662512638,0.26186605981794564,0.7359289039356796,0,0.7733990147783251,2019,2,1,0,0.0,0.0,1.0,0.0,0.0,0.0,0.0
0.9937644461758215,0.0006707414097495423,0.4712288686605981,0.5463393990689838,2,0.4876847290640395,2019,2,1,0,0.0,0.0,0.0,1.0,0.0,0.0,0.0
0.9968523568367746,0.6396514253090236,0.22025357607282192,0.9255184088023682,2,0.5763546798029556,2019,2,1,0,0.0,0.0,0.0,0.0,0.0,1.0,0.0
0.451359563693027,0.21296468032550064,0.3763003901170352,0.34997884045705163,0,0.8325123152709358,2019,2,1,0,0.0,1.0,0.0,0.0,0.0,0.0,0.0
0.45395922607453587,0.21320616041064133,0.9406697009102731,0.4481591197630159,2,0.11330049261083741,2019,3,2,1,0.0,1.0,0.0,0.0,0.0,0.0,0.0
0.9909050772626933,0.0008212958420951155,0.23065669700910307,0.37029200169276777,1,0.852216748768473,2019,3,2,0,0.0,0.0,0.0,1.0,0.0,0.0,0.0
1.0000000000000002,0.6400599318650597,0.6116710013003903,0.5531104528142237,0,0.5369458128078818,2019,3,2,0,0.0,0.0,0.0,0.0,0.0,1.0,0.0
0.7381093364498119,0.8919005998128117,0.5219440832249678,0.48878544223445175,0,0.3694581280788177,2019,3,2,0,0.0,0.0,0.0,0.0,0.0,0.0,1.0
0.866614725360343,0.26563797687787005,0.48163198959687925,0.353364367329668,0,0.33990147783251234,2019,3,2,0,1.0,0.0,0.0,0.0,0.0,0.0,0.0
0.9970653161927023,0.6400612496281437,0.680591677503251,0.15023275497249955,0,0.21182266009852213,2019,4,2,0,0.0,0.0,0.0,0.0,0.0,1.0,0.0
0.7383456693935855,0.8916923932455416,0.45692457737321224,0.6242065171392319,0,0.3793103448275862,2019,4,2,0,0.0,0.0,0.0,0.0,0.0,0.0,1.0
0.9969692247760034,0.6396122218572751,0.38410273081924595,0.6242065171392319,0,0.3497536945812808,2019,4,2,0,0.0,0.0,0.0,0.0,0.0,1.0,0.0
0.5611686793922868,0.7542128062193145,0.6090702210663199,0.4921709691070717,1,0.6157635467980295,2019,4,2,0,0.0,0.0,0.0,0.0,1.0,0.0,0.0
0.9969951954291651,0.6397611290857655,0.5245448634590377,0.5869657215404196,0,0.4778325123152708,2019,4,2,0,0.0,0.0,0.0,0.0,0.0,1.0,0.0
0.5606492663290483,0.7541004669164046,0.37239921976593005,0.3398222598391918,1,0.852216748768473,2019,5,2,0,0.0,0.0,0.0,0.0,1.0,0.0,0.0
0.9925360342812624,0.0003300996525388289,0.36069570871261414,0.7325433770630561,0,0.5566502463054187,2019,5,2,0,0.0,0.0,0.0,1.0,0.0,0.0,0.0
0.9957719776652385,0.0003330646194777964,0.5557542262678807,0.3398222598391918,0,0.7635467980295566,2019,5,2,0,0.0,0.0,0.0,1.0,0.0,0.0,0.0
0.559054668224906,0.754267163946529,0.6246749024707414,0.5158696572154042,2,0.3694581280788177,2019,5,2,0,0.0,0.0,0.0,0.0,1.0,0.0,0.0
0.8668095052590574,0.26592393146709525,0.47252925877763374,0.6885315277190003,1,0.8423645320197043,2019,6,3,0,1.0,0.0,0.0,0.0,0.0,0.0,0.0
0.8662537332813922,0.2656910168420005,0.48423276983094965,0.9559881506559478,1,0.38916256157635465,2019,6,3,0,1.0,0.0,0.0,0.0,0.0,0.0,0.0
0.004620179197506791,0.9998550460607613,0.3932054616384919,0.6614473127380478,1,0.8128078817733989,2019,6,3,0,0.0,0.0,1.0,0.0,0.0,0.0,0.0
0.9963381379041685,0.6397983558928882,0.3880039011703511,0.39737621667372025,0,0.4778325123152708,2019,6,3,0,0.0,0.0,0.0,0.0,0.0,1.0,0.0
0.5590079210492145,0.7542217011201314,0.3515929778933682,0.6275920440118554,0,0.3793103448275862,2019,6,3,0,0.0,0.0,0.0,0.0,1.0,0.0,0.0
0.8674068302817818,0.26605406057163905,0.11232119635890792,0.7765552264071083,2,0.9704433497536945,2019,7,3,0,1.0,0.0,0.0,0.0,0.0,0.0,0.0
0.9952603557979485,0.6401073713360832,0.5830624187256177,0.3465933135844317,2,0.41871921182266003,2019,7,3,0,0.0,0.0,0.0,0.0,0.0,1.0,0.0
0.8677028957278277,0.2659292025194312,0.6064694408322495,0.2991959373677595,0,0.43842364532019695,2019,7,3,0,1.0,0.0,0.0,0.0,0.0,0.0,0.0
0.8651421893260617,0.26589823508695754,0.3242847854356308,0.4752433347439684,0,0.8128078817733989,2019,7,3,0,1.0,0.0,0.0,0.0,0.0,0.0,0.0
0.45406570575249977,0.21341996747101827,0.2878738621586474,0.5666525603046999,2,0.8325123152709358,2019,7,3,0,0.0,1.0,0.0,0.0,0.0,0.0,0.0
0.0026749772756784473,0.9999607965482513,0.5778608582574774,0.502327549724928,1,0.38916256157635465,2019,8,3,0,0.0,0.0,1.0,0.0,0.0,0.0,0.0
0.7372990520711598,0.8918291111655053,0.6389791937581273,0.6005078290308958,1,0.270935960591133,2019,8,3,0,0.0,0.0,0.0,0.0,0.0,0.0,1.0
0.8652486690040256,0.2656142571423582,0.5999674902470744,0.2721117223868035,1,0.10344827586206895,2019,8,3,0,1.0,0.0,0.0,0.0,0.0,0.0,0.0
0.7376288793663162,0.8922646318647631,0.4998374512353707,0.651290732120188,0,0.5073891625615764,2019,8,3,0,0.0,0.0,0.0,0.0,0.0,0.0,1.0
0.45252045188936507,0.21347103079052276,0.4439206762028607,0.5835801946677961,0,0.5862068965517241,2019,9,4,0,0.0,1.0,0.0,0.0,0.0,0.0,0.0
0.0016231658226204537,0.9997420478763093,0.46732769830949294,0.39737621667372025,1,0.5960591133004925,2019,9,4,0,0.0,0.0,1.0,0.0,0.0,0.0,0.0
0.559431242695754,0.7542207127978184,0.4998374512353707,0.6953025814642437,0,0.5665024630541872,2019,9,4,0,0.0,0.0,0.0,0.0,1.0,0.0,0.0
0.9941176470588238,0.0005788274346414379,0.772919375812744,0.46170122725349216,0,0.29064039408866993,2019,9,4,1,0.0,0.0,0.0,1.0,0.0,0.0,0.0
0.8652746396571875,0.26574109183919203,0.44131989596879073,0.4380025391451561,0,0.5073891625615764,2019,9,4,0,1.0,0.0,0.0,0.0,0.0,0.0,0.0
0.4527204259187119,0.2134067898401784,0.4868335500650196,0.5971223021582759,1,0.5172413793103449,2019,10,4,0,0.0,1.0,0.0,0.0,0.0,0.0,0.0
0.8644124139722116,0.26576184660776486,0.47252925877763374,0.31950909860347565,1,0.605911330049261,2019,10,4,0,1.0,0.0,0.0,0.0,0.0,0.0,0.0
0.9988183352811324,0.6400325882810669,0.4595253576072822,0.7833262801523482,1,0.5467980295566502,2019,10,4,0,0.0,0.0,0.0,0.0,0.0,1.0,0.0
0.452208804051422,0.2132183497191682,0.44262028608582593,0.4752433347439684,0,0.5665024630541872,2019,10,4,0,0.0,1.0,0.0,0.0,0.0,0.0,0.0
0.8671860797299054,0.2659173426516753,0.5869635890767233,0.6648328396106677,1,0.5665024630541872,2019,10,4,0,1.0,0.0,0.0,0.0,0.0,0.0,0.0
0.7351980262303599,0.8914334527995381,0.683192457737321,0.18408802369869193,0,0.3201970443349754,2019,11,4,0,0.0,0.0,0.0,0.0,0.0,0.0,1.0
0.8654590312946372,0.2656198576354652,0.6064694408322495,0.5835801946677961,1,0.3300492610837439,2019,11,4,0,1.0,0.0,0.0,0.0,0.0,0.0,0.0
0.8636125178548242,0.2658267464396512,0.5778608582574774,0.2179432924248914,2,0.4581280788177339,2019,11,4,0,1.0,0.0,0.0,0.0,0.0,0.0,0.0
0.9941306323854047,0.0005396239828928673,0.5245448634590377,0.3330512060939519,0,0.6551724137931033,2019,11,4,0,0.0,0.0,0.0,1.0,0.0,0.0,0.0
0.5603921568627452,0.7542114884562305,0.3190832249674904,0.5294117647058805,2,0.49753694581280794,2019,12,1,0,0.0,0.0,0.0,0.0,1.0,0.0,0.0
0.7369017010777823,0.8921361499640743,0.23325747724317303,0.3736775285653877,1,0.9113300492610837,2019,12,1,0,0.0,0.0,0.0,0.0,0.0,0.0,1.0
0.8667056226464097,0.26580632111184943,0.7039986996098828,0.3025814642403759,1,0.605911330049261,2019,12,1,1,1.0,0.0,0.0,0.0,0.0,0.0,0.0
0.7380054538371641,0.8917737651159778,0.9224642392717812,0.18747355057131188,1,0.28078817733990147,2019,12,1,1,0.0,0.0,0.0,0.0,0.0,0.0,1.0
0.994540968705363,0.0006585521012226758,0.8054291287386222,0.35674989420229153,1,0.15270935960591125,2019,12,1,1,0.0,0.0,0.0,1.0,0.0,0.0,0.0
0.9974289053369694,0.6397202784301619,0.8938556566970095,0.32628015234871555,1,0.1428571428571428,2020,1,1,1,0.0,0.0,0.0,0.0,0.0,1.0,0.0
0.7373639787040646,0.8916321055844492,0.31128088426527967,0.8104104951333042,1,0.5369458128078818,2020,1,1,0,0.0,0.0,0.0,0.0,0.0,0.0,1.0
0.5592390598623557,0.7543043907536517,0.7326072821846559,0.5090986034701714,0,0.46798029556650234,2020,1,1,1,0.0,0.0,0.0,0.0,1.0,0.0,0.0
0.7361433580054539,0.8916199162759224,0.7937256176853058,0.3025814642403759,0,0.23152709359605905,2020,1,1,1,0.0,0.0,0.0,0.0,0.0,0.0,1.0
0.998556031684197,0.639923543385867,0.5895643693107933,0.8307236563690203,0,0.3300492610837439,2020,2,1,0,0.0,0.0,0.0,0.0,0.0,1.0,0.0
0.9980366186209584,0.6398415126338888,0.5531534460338099,0.739314430808296,0,0.5270935960591133,2020,2,1,0,0.0,0.0,0.0,0.0,0.0,1.0,0.0
0.003189196208284617,0.9997552255071493,0.4296163849154748,0.4041472704189637,0,0.38916256157635465,2020,2,1,0,0.0,0.0,1.0,0.0,0.0,0.0,0.0
0.7345721334891574,0.8921928137766859,0.28657347204161265,0.5835801946677961,1,0.6157635467980295,2020,2,1,0,0.0,0.0,0.0,0.0,0.0,0.0,1.0
0.9972315283729387,0.6399663706860965,0.6688881664499351,0.3228946254760956,2,0.33990147783251234,2020,2,1,0,0.0,0.0,0.0,0.0,0.0,1.0,0.0
0.8673445007141931,0.2658758331145298,0.8145318595578677,0.4278459585272998,0,0.35960591133004927,2020,3,2,1,1.0,0.0,0.0,0.0,0.0,0.0,0.0
0.997691208933905,0.640025340584105,0.5362483745123536,0.2721117223868035,0,0.5270935960591133,2020,3,2,0,0.0,0.0,0.0,0.0,0.0,1.0,0.0
0.0016439423451499735,0.9994916728903518,0.6155721716514955,0.6580617858654243,0,0.40886699507389157,2020,3,2,0,0.0,0.0,1.0,0.0,0.0,0.0,0.0
0.8673782625633036,0.2661970378662516,0.5479518855656695,0.9255184088023682,2,0.5369458128078818,2020,3,2,0,1.0,0.0,0.0,0.0,0.0,0.0,0.0
0.450362290611609,0.21344368720653006,0.5752600780234074,0.6885315277190003,0,0.5369458128078818,2020,3,2,0,0.0,1.0,0.0,0.0,0.0,0.0,0.0
0.4524685105830413,0.2131178702840142,0.4608257477243174,0.38721963605586396,0,0.43842364532019695,2020,4,2,0,0.0,1.0,0.0,0.0,0.0,0.0,0.0
0.4534112452928192,0.21359457107964658,0.5778608582574774,0.26534066864156003,1,0.49753694581280794,2020,4,2,0,0.0,1.0,0.0,0.0,0.0,0.0,0.0
0.8685313595636932,0.2658162043349793,0.4751300390117037,0.5260262378332641,2,0.3990147783251231,2020,4,2,0,1.0,0.0,0.0,0.0,0.0,0.0,0.0
0.003332034800675232,0.999558878807635,0.5830624187256177,0.3161235717308557,0,0.3694581280788177,2020,4,2,0,0.0,0.0,1.0,0.0,0.0,0.0,0.0
0.8679158550837556,0.2658554077867279,0.8379388816644995,0.26534066864156003,0,0.270935960591133,2020,5,2,1,1.0,0.0,0.0,0.0,0.0,0.0,0.0
0.9953616413452799,0.00021051265266702757,0.15783485045513634,0.4312314853999162,0,0.9408866995073891,2020,5,2,0,0.0,0.0,0.0,1.0,0.0,0.0,0.0
0.0017737956109596387,0.9999999999999999,0.39060468140442106,0.5971223021582759,0,0.8029556650246304,2020,5,2,0,0.0,0.0,1.0,0.0,0.0,0.0,0.0
0.7397299052071161,0.8921938020989988,0.7365084525357606,0.55988150655946,0,0.3990147783251231,2020,5,2,1,0.0,0.0,0.0,0.0,0.0,0.0,1.0
0.8679885729126089,0.2658257581173382,0.34118985695708703,0.590351248413036,1,0.5862068965517241,2020,5,2,0,1.0,0.0,0.0,0.0,0.0,0.0,0.0
0.8663887806778342,0.26603132915844024,0.6870936280884266,0.4278459585272998,2,0.5665024630541872,2020,6,3,0,1.0,0.0,0.0,0.0,0.0,0.0,0.0
0.8654953902090639,0.2658847280153467,0.36069570871261414,0.26534066864156003,1,0.5862068965517241,2020,6,3,0,1.0,0.0,0.0,0.0,0.0,0.0,0.0
0.0023321646539410934,0.9998280319175396,0.6246749024707414,0.2721117223868035,1,0.6748768472906405,2020,6,3,0,0.0,0.0,1.0,0.0,0.0,0.0,0.0
0.9984183872224388,0.6399278261158899,0.45692457737321224,0.37029200169276777,0,0.46798029556650234,2020,6,3,0,0.0,0.0,0.0,0.0,0.0,1.0,0.0
0.998244383846254,0.6401422920578089,0.8015279583875166,0.26872619551418353,1,0.10344827586206895,2020,7,3,1,0.0,0.0,0.0,0.0,0.0,1.0,0.0
0.7373068432671083,0.8915629230225399,0.563556566970091,0.45154464663563587,0,0.3793103448275862,2020,7,3,0,0.0,0.0,0.0,0.0,0.0,0.0,1.0
0.7350551876379692,0.8919388149422474,0.39710663198959706,0.3635209479475279,1,0.1428571428571428,2020,7,3,0,0.0,0.0,0.0,0.0,0.0,0.0,1.0
0.8669419555901832,0.2662085682932365,0.8249349804941484,0.26195514176894363,2,0.16256157635467972,2020,7,3,1,1.0,0.0,0.0,0.0,0.0,0.0,0.0
0.737732761978964,0.8916897577193736,0.5596553966189859,0.6072788827761357,0,0.6256157635467979,2020,7,3,0,0.0,0.0,0.0,0.0,0.0,0.0,1.0
0.8668484612388003,0.2658830808114917,0.3294863459037711,0.45831570038087577,0,0.5862068965517241,2020,8,3,0,1.0,0.0,0.0,0.0,0.0,0.0,0.0
0.5610751850409039,0.7543666550593702,0.34509102730819263,0.8442657638594966,1,0.5665024630541872,2020,8,3,0,0.0,0.0,0.0,0.0,1.0,0.0,0.0
0.996803012595767,0.6397087480031771,0.02779583875162528,0.9052052475666521,1,0.960591133004926,2020,8,3,0,0.0,0.0,0.0,0.0,0.0,1.0,0.0
0.7367588624853917,0.891865020209544,0.6012678803641092,0.19085907744393538,0,0.33990147783251234,2020,8,3,0,0.0,0.0,0.0,0.0,0.0,0.0,1.0
0.5616283599532529,0.7540095412636095,0.5583550065019507,0.24841303427846384,0,0.5172413793103449,2020,8,3,0,0.0,0.0,0.0,0.0,1.0,0.0,0.0
0.9967848331385536,0.6395657707085645,0.7287061118335503,0.26534066864156003,2,0.20197044334975367,2020,9,4,1,0.0,0.0,0.0,0.0,0.0,1.0,0.0
0.9970912868458643,0.640021057854082,0.3034785435630689,0.6242065171392319,2,0.7044334975369458,2020,9,4,0,0.0,0.0,0.0,0.0,0.0,1.0,0.0
0.8678794961693288,0.265945674557981,0.4296163849154748,0.4075327972915801,2,0.5566502463054187,2020,9,4,0,1.0,0.0,0.0,0.0,0.0,0.0,0.0
0.7357330216854956,0.8913728356976747,0.5856631989596877,0.6174354633939956,0,0.08374384236453203,2020,9,4,0,0.0,0.0,0.0,0.0,0.0,0.0,1.0
0.7358135307102975,0.8919562753031101,0.902958387516255,0.3025814642403759,2,0.08374384236453203,2020,10,4,1,0.0,0.0,0.0,0.0,0.0,0.0,1.0
0.452411375146085,0.21354581384553906,0.375,0.4380025391451561,1,0.5172413793103449,2020,10,4,0,0.0,1.0,0.0,0.0,0.0,0.0,0.0
0.865739514348786,0.26593677965716417,0.8184330299089733,0.39737621667372025,0,0.21182266009852213,2020,10,4,1,1.0,0.0,0.0,0.0,0.0,0.0,0.0
0.9937722373717701,0.00018646347638417993,0.6727893368010407,0.4075327972915801,0,0.33990147783251234,2020,10,4,0,0.0,0.0,0.0,1.0,0.0,0.0,0.0
0.006638098948188509,0.9996277319287734,0.3541937581274386,0.5124841303427878,0,0.7733990147783251,2020,10,4,0,0.0,0.0,1.0,0.0,0.0,0.0,0.0
0.8671263472276329,0.2656798158557866,0.680591677503251,0.3025814642403759,0,0.6354679802955664,2020,11,4,0,1.0,0.0,0.0,0.0,0.0,0.0,0.0
0.998233995584989,0.6397581641188266,0.7508127438231473,0.39060516292848746,1,0.4285714285714285,2020,11,4,1,0.0,0.0,0.0,0.0,0.0,1.0,0.0
0.561225814829243,0.7540767471808929,0.375,0.7494710114261558,0,0.5369458128078818,2020,11,4,0,0.0,0.0,0.0,0.0,1.0,0.0,0.0
0.9936268017140633,0.00028661347076730515,0.5843628088426529,0.8137960220059277,2,0.270935960591133,2020,11,4,0,0.0,0.0,0.0,1.0,0.0,0.0,0.0
0.8670094792884042,0.2661492689544571,0.4855331599479844,0.5937367752856524,0,0.3497536945812808,2020,11,4,0,1.0,0.0,0.0,0.0,0.0,0.0,0.0
0.0030463576158940575,0.9995476778214212,0.6935955786736021,0.6106644096487521,2,0.7339901477832512,2020,12,1,0,0.0,0.0,1.0,0.0,0.0,0.0,0.0
0.9949045578496301,0.0004977850049762145,0.538849154746424,0.4312314853999162,1,0.5172413793103449,2020,12,1,0,0.0,0.0,0.0,1.0,0.0,0.0,0.0
0.7367406830281783,0.8918818216888649,0.7586150845253576,0.20440118493441162,1,0.46798029556650234,2020,12,1,1,0.0,0.0,0.0,0.0,0.0,0.0,1.0
0.4543591741332295,0.21330005103037541,0.08761378413524046,0.620820990266612,0,0.9999999999999999,2020,12,1,0,0.0,1.0,0.0,0.0,0.0,0.0,0.0
0.996803012595767,0.6396672384660315,0.40230819245773697,0.7020736352094765,0,0.6453201970443349,2021,1,1,0,0.0,0.0,0.0,0.0,0.0,1.0,0.0
0.866669263731983,0.26585639610904094,0.42441482444733447,0.39399068980110385,0,0.793103448275862,2021,1,1,0,1.0,0.0,0.0,0.0,0.0,0.0,0.0
0.9964134527983379,0.6400325882810669,0.797626788036411,0.5226407109606477,2,0.20197044334975367,2021,1,1,1,0.0,0.0,0.0,0.0,0.0,1.0,0.0
0.997356187508116,0.6398280055622779,0.3242847854356308,0.6546762589928079,1,0.4482758620689654,2021,1,1,0,0.0,0.0,0.0,0.0,0.0,1.0,0.0
0.7386677054927933,0.8917777184052298,0.5401495448634592,0.5361828184511239,0,0.4285714285714285,2021,1,1,0,0.0,0.0,0.0,0.0,0.0,0.0,1.0
0.7378859888326192,0.8917760712013749,0.671488946684005,0.19424460431655177,1,0.3793103448275862,2021,2,1,0,0.0,0.0,0.0,0.0,0.0,0.0,1.0
0.005007141929619485,0.9994139248683966,0.36849804941482445,0.6648328396106677,0,0.6157635467980295,2021,2,1,0,0.0,0.0,1.0,0.0,0.0,0.0,0.0
0.8674328009349437,0.26599739675902756,0.6246749024707414,0.6309775708844718,1,0.4581280788177339,2021,2,1,0,1.0,0.0,0.0,0.0,0.0,0.0,0.0
0.9938371640046748,0.0005547782583585903,0.8717490247074129,0.29242488362251606,2,0.064039408866995,2021,2,1,1,0.0,0.0,0.0,1.0,0.0,0.0,0.0
0.4540864822750293,0.21329972158960442,0.0772106631989593,0.8747355057130761,0,0.7339901477832512,2021,3,2,0,0.0,1.0,0.0,0.0,0.0,0.0,0.0
0.002373717699000133,0.9996333324218805,0.538849154746424,0.6106644096487521,0,0.3990147783251231,2021,3,2,0,0.0,0.0,1.0,0.0,0.0,0.0,0.0
0.7377924944812364,0.8918113213638714,0.6454811443433028,0.5395683453237403,0,0.2413793103448275,2021,3,2,0,0.0,0.0,0.0,0.0,0.0,0.0,1.0
0.4540579145565512,0.21323119790923706,0.6584850455136544,0.48878544223445175,1,0.6453201970443349,2021,3,2,0,0.0,1.0,0.0,0.0,0.0,0.0,0.0
0.0021997143228151828,0.9995209931189706,0.4972366710013003,0.45831570038087577,0,0.6157635467980295,2021,3,2,0,0.0,0.0,1.0,0.0,0.0,0.0,0.0
0.00039215686274512995,0.9994050299675796,0.29307542262678776,0.7799407532797318,1,0.9014778325123153,2021,4,2,0,0.0,0.0,1.0,0.0,0.0,0.0,0.0
0.0023555382417867476,0.9995509722291311,0.5154421326397918,0.6986881083368601,0,0.3497536945812808,2021,4,2,0,0.0,0.0,1.0,0.0,0.0,0.0,0.0
0.8672873652772368,0.2660774508663798,0.5986671001300392,0.48878544223445175,0,0.5665024630541872,2021,4,2,0,1.0,0.0,0.0,0.0,0.0,0.0,0.0
0.9906401766004418,0.0005557665806716905,0.3736996098829648,0.26534066864156003,2,0.6650246305418718,2021,4,2,0,0.0,0.0,0.0,1.0,0.0,0.0,0.0
0.5623815088949489,0.7541933692138258,0.6870936280884266,0.6851460008463839,1,0.5467980295566502,2021,4,2,0,0.0,0.0,0.0,0.0,1.0,0.0,0.0
0.5627269185820024,0.7543383231530644,0.5154421326397918,0.23148539991536765,0,0.4482758620689654,2021,5,2,0,0.0,0.0,0.0,0.0,1.0,0.0,0.0
0.5595013634592911,0.7545735438635561,0.46732769830949294,0.5463393990689838,0,0.5960591133004925,2021,5,2,0,0.0,0.0,0.0,0.0,1.0,0.0,0.0
0.5606544604596807,0.7544954664008299,0.38020156046814035,0.6038933559035122,2,0.4778325123152708,2021,5,2,0,0.0,0.0,0.0,0.0,1.0,0.0,0.0
0.5588832619140373,0.7541152917510995,0.49333550065019516,0.441388066017776,0,0.3990147783251231,2021,5,2,0,0.0,0.0,0.0,0.0,1.0,0.0,0.0
0.8651525775873266,0.2659028472577515,0.20724967490247037,0.7900973338975845,0,0.7241379310344828,2021,6,3,0,1.0,0.0,0.0,0.0,0.0,0.0,0.0
0.7352317880794703,0.8918030853445966,0.3541937581274386,0.6411341515023317,0,0.8029556650246304,2021,6,3,0,0.0,0.0,0.0,0.0,0.0,0.0,1.0
0.5581612777561357,0.7542352081917424,0.46992847854356334,0.6377486246297082,0,0.5467980295566502,2021,6,3,0,0.0,0.0,0.0,0.0,1.0,0.0,0.0
0.9958550837553566,0.6397792483281703,0.3463914174252274,0.7731696995344919,0,0.6157635467980295,2021,6,3,0,0.0,0.0,0.0,0.0,0.0,1.0,0.0
0.4551175172055578,0.21330960481273437,0.3632964889466841,0.32628015234871555,0,0.3300492610837439,2021,6,3,0,0.0,1.0,0.0,0.0,0.0,0.0,0.0
0.000433709907804225,0.9996227903172086,0.5999674902470744,0.19085907744393538,0,0.5467980295566502,2021,7,3,0,0.0,0.0,1.0,0.0,0.0,0.0,0.0
0.5599688352162058,0.7542401498033073,0.8158322496749029,0.4955564959796881,0,0.21182266009852213,2021,7,3,1,0.0,0.0,0.0,0.0,1.0,0.0,0.0
0.4514894169588366,0.21296500976627164,0.36069570871261414,0.5463393990689838,0,0.4482758620689654,2021,7,3,0,0.0,1.0,0.0,0.0,0.0,0.0,0.0
0.0023191793273600325,0.9995911640031928,0.45692457737321224,0.42107490478205634,1,0.5467980295566502,2021,7,3,0,0.0,0.0,1.0,0.0,0.0,0.0,0.0
0.9947253603428128,0.00026454093911043586,0.7768205461638495,0.34997884045705163,0,0.29064039408866993,2021,7,3,1,0.0,0.0,0.0,1.0,0.0,0.0,0.0
0.5615166861446567,0.7542546451972312,0.6870936280884266,0.46170122725349216,1,0.26108374384236444,2021,8,3,0,0.0,0.0,0.0,0.0,1.0,0.0,0.0
0.45311777691208943,0.21313104791485404,0.5219440832249678,0.4921709691070717,0,0.4482758620689654,2021,8,3,0,0.0,1.0,0.0,0.0,0.0,0.0,0.0
0.9939851967276978,0.0001340823937957536,0.39450585175552666,0.5801946677951761,2,0.5960591133004925,2021,8,3,0,0.0,0.0,0.0,1.0,0.0,0.0,0.0
0.001155694065705759,0.9997871812619359,0.3320871261378411,0.7596275920440156,0,0.6847290640394089,2021,8,3,0,0.0,0.0,1.0,0.0,0.0,0.0,0.0
0.9959927282171148,0.640124502256175,0.2683680104031212,0.7867118070249681,2,0.8128078817733989,2021,9,4,0,0.0,0.0,0.0,0.0,0.0,1.0,0.0
0.7362550318140503,0.8920834394407149,0.4517230169050719,0.5835801946677961,1,0.5665024630541872,2021,9,4,0,0.0,0.0,0.0,0.0,0.0,0.0,1.0
0.9966575769380601,0.6399653823637836,0.655884265279584,0.1333051206093998,0,0.5665024630541872,2021,9,4,0,0.0,0.0,0.0,0.0,0.0,1.0,0.0
0.991993247630178,0.0006140775971380519,0.7209037711313395,0.21117223867964796,0,0.26108374384236444,2021,9,4,1,0.0,0.0,0.0,1.0,0.0,0.0,0.0
0.451211530970004,0.2132842378733676,0.44131989596879073,0.6716038933559076,0,0.7339901477832512,2021,9,4,0,0.0,1.0,0.0,0.0,0.0,0.0,0.0
0.7389378002856773,0.8917615758074511,0.4608257477243174,0.24502750740584744,1,0.40886699507389157,2021,10,4,0,0.0,0.0,0.0,0.0,0.0,0.0,1.0
0.45389949357226345,0.21358567617882968,0.26056566970091,0.5327972915785075,1,0.6748768472906405,2021,10,4,0,0.0,1.0,0.0,0.0,0.0,0.0,0.0
0.0028541747824957775,0.9994452217416412,0.5843628088426529,0.38721963605586396,0,0.4285714285714285,2021,10,4,0,0.0,0.0,1.0,0.0,0.0,0.0,0.0
0.0031995844695494324,0.9995796335762079,0.4166124837451237,0.5361828184511239,1,0.5467980295566502,2021,10,4,0,0.0,0.0,1.0,0.0,0.0,0.0,0.0
0.7366445916114792,0.8918116508046425,0.8132314694408325,0.441388066017776,1,0.21182266009852213,2021,10,4,1,0.0,0.0,0.0,0.0,0.0,0.0,1.0
0.9977353590442801,0.6397769422427734,0.7300065019505855,0.45154464663563587,0,0.3004926108374384,2021,11,4,1,0.0,0.0,0.0,0.0,0.0,1.0,0.0
0.5611790676535516,0.753957489621792,0.28137191157347186,0.42107490478205634,0,0.6847290640394089,2021,11,4,0,0.0,0.0,0.0,0.0,1.0,0.0,0.0
0.999080638878068,0.6401996147519624,0.6259752925877766,0.5294117647058805,1,0.13300492610837433,2021,11,4,0,0.0,0.0,0.0,0.0,0.0,1.0,0.0
0.0017867809375405885,0.9994488455901221,0.38020156046814035,0.5429538721963638,2,0.5172413793103449,2021,11,4,0,0.0,0.0,1.0,0.0,0.0,0.0,0.0
0.734553954031944,0.8919773595124539,0.291775032509753,0.6580617858654243,2,0.960591133004926,2021,12,1,0,0.0,0.0,0.0,0.0,0.0,0.0,1.0
0.9929567588624855,2.7343583992700538e-05,0.4452210663198959,0.7257723233178197,1,0.8226600985221674,2021,12,1,0,0.0,0.0,0.0,1.0,0.0,0.0,0.0
0.9952343851447867,0.6399136601627371,0.41011053315994817,0.5395683453237403,0,0.9507389162561576,2021,12,1,0,0.0,0.0,0.0,0.0,0.0,1.0,0.0
0.9948811842617844,0.6398737978294464,0.5921651495448637,0.6445196783749481,0,0.43842364532019695,2021,12,1,0,0.0,0.0,0.0,0.0,0.0,1.0,0.0
0.7375249967536686,0.8917895782729857,0.5531534460338099,0.42446043165467984,0,0.5467980295566502,2021,12,1,0,0.0,0.0,0.0,0.0,0.0,0.0,1.0
0.9963511232307494,0.6398942231572483,0.49593628088426556,0.7020736352094765,1,0.4876847290640395,2022,1,1,0,0.0,0.0,0.0,0.0,0.0,1.0,0.0
0.9918478119724712,0.000651963285802748,0.3242847854356308,0.48878544223445175,0,0.5369458128078818,2022,1,1,0,0.0,0.0,0.0,1.0,0.0,0.0,0.0
0.7389092325671992,0.8915023059206765,1.0000000000000004,0.37029200169276777,0,0.064039408866995,2022,1,1,1,0.0,0.0,0.0,0.0,0.0,0.0,1.0
0.994081288144397,0.0004911961895562866,0.6025682704811448,0.5666525603046999,2,0.49753694581280794,2022,1,1,0,0.0,0.0,0.0,1.0,0.0,0.0,0.0
0.9942682768471629,0.00041147152297504874,0.4712288686605981,0.4921709691070717,0,0.6847290640394089,2022,1,1,0,0.0,0.0,0.0,1.0,0.0,0.0,0.0
0.9976029087131544,0.6393476809181645,0.6285760728218466,0.4752433347439684,2,0.38916256157635465,2022,2,1,0,0.0,0.0,0.0,0.0,0.0,1.0,0.0
0.9936475782365928,0.0006292318726039969,0.6857932379713918,0.28226830300465977,1,0.40886699507389157,2022,2,1,0,0.0,0.0,0.0,1.0,0.0,0.0,0.0
0.7358628749513052,0.8916268345321132,0.37890117035110515,0.7190012695725798,0,0.7241379310344828,2022,2,1,0,0.0,0.0,0.0,0.0,0.0,0.0,1.0
0.8676457602908715,0.2660362707700052,0.6012678803641092,0.3465933135844317,0,0.4778325123152708,2022,2,1,0,1.0,0.0,0.0,0.0,0.0,0.0,0.0
0.7381638748214518,0.8919783478347669,0.7326072821846559,0.5090986034701714,0,0.3694581280788177,2022,3,2,1,0.0,0.0,0.0,0.0,0.0,0.0,1.0
0.868367744448773,0.2659124010401104,0.3294863459037711,0.5700380871773163,1,0.5172413793103449,2022,3,2,0,1.0,0.0,0.0,0.0,0.0,0.0,0.0
0.4517699000129854,0.21329576830035246,0.3463914174252274,0.5361828184511239,2,0.3300492610837439,2022,3,2,0,0.0,1.0,0.0,0.0,0.0,0.0,0.0
0.45292559407869115,0.2133198174766352,0.34118985695708703,0.7020736352094765,1,0.7536945812807881,2022,3,2,0,0.0,1.0,0.0,0.0,0.0,0.0,0.0
0.9947435398000262,0.63970644191778,0.3515929778933682,0.4278459585272998,0,0.7241379310344828,2022,4,2,0,0.0,0.0,0.0,0.0,0.0,1.0,0.0
0.7368731333593042,0.8918106624823295,0.10972041612483707,0.8205670757511605,1,0.605911330049261,2022,4,2,0,0.0,0.0,0.0,0.0,0.0,0.0,1.0
0.4527256200493443,0.21336528030303276,0.7664174252275684,0.15023275497249955,2,0.0,2022,4,2,1,0.0,1.0,0.0,0.0,0.0,0.0,0.0
0.9943903389170239,0.0007405828532008885,0.7430104031209366,0.41768937790943994,1,0.2413793103448275,2022,4,2,1,0.0,0.0,0.0,1.0,0.0,0.0,0.0
0.003539800025970652,0.9994182075984195,0.5934655396618989,0.5463393990689838,2,0.5763546798029556,2022,4,2,0,0.0,0.0,1.0,0.0,0.0,0.0,0.0
0.7407089988313207,0.8919187190552165,0.40230819245773697,0.5564959796868401,1,0.31034482758620685,2022,5,2,0,0.0,0.0,0.0,0.0,0.0,0.0,1.0
0.9959303986495263,0.6397644234934755,0.39840702210663226,0.5869657215404196,2,0.4482758620689654,2022,5,2,0,0.0,0.0,0.0,0.0,0.0,1.0,0.0
0.4541046617322426,0.21331948803586426,0.4998374512353707,0.4549301735082594,2,0.5172413793103449,2022,5,2,0,0.0,1.0,0.0,0.0,0.0,0.0,0.0
0.003563173613816417,0.9994356679592824,0.37239921976593005,0.5260262378332641,1,0.38916256157635465,2022,5,2,0,0.0,0.0,1.0,0.0,0.0,0.0,0.0
0.45158291131021955,0.21324108113236695,0.671488946684005,0.46508675412611566,0,0.38916256157635465,2022,5,2,0,0.0,1.0,0.0,0.0,0.0,0.0,0.0
0.0035943383976107524,0.9995559138406962,0.5778608582574774,0.45154464663563587,0,0.4778325123152708,2022,6,3,0,0.0,0.0,1.0,0.0,0.0,0.0,0.0
0.4518919620828465,0.2129178997360191,0.4751300390117037,0.763013118916632,0,0.6453201970443349,2022,6,3,0,0.0,1.0,0.0,0.0,0.0,0.0,0.0
0.9954057914556553,0.0006476805557797949,0.5180429128738622,0.5327972915785075,1,0.38916256157635465,2022,6,3,0,0.0,0.0,0.0,1.0,0.0,0.0,0.0
0.7367147123750164,0.8919556164215681,0.7365084525357606,0.3635209479475279,1,0.251231527093596,2022,6,3,1,0.0,0.0,0.0,0.0,0.0,0.0,1.0
0.9968315803142451,0.6399311205235999,0.21895318595578672,0.26872619551418353,0,0.6256157635467979,2022,7,3,0,0.0,0.0,0.0,0.0,0.0,1.0,0.0
0.9952473704713676,0.6397482808956967,0.47252925877763374,0.4481591197630159,1,0.7339901477832512,2022,7,3,0,0.0,0.0,0.0,0.0,0.0,1.0,0.0
0.5610206466692639,0.7542655167426741,0.622074122236671,0.2517985611510838,0,0.5566502463054187,2022,7,3,0,0.0,0.0,0.0,0.0,1.0,0.0,0.0
0.0023918971562134628,0.9996890079121789,0.291775032509753,0.353364367329668,0,0.7733990147783251,2022,7,3,0,0.0,0.0,1.0,0.0,0.0,0.0,0.0
0.002978833917673007,0.9994300674661754,0.3320871261378411,0.7867118070249681,1,0.4482758620689654,2022,7,3,0,0.0,0.0,1.0,0.0,0.0,0.0,0.0
0.9989637709388393,0.6396837105045813,0.6259752925877766,0.38721963605586396,1,0.4876847290640395,2022,8,3,0,0.0,0.0,0.0,0.0,0.0,1.0,0.0
0.9961251785482406,0.6398052741490792,0.5089401820546162,0.33643673296657184,0,0.5960591133004925,2022,8,3,0,0.0,0.0,0.0,0.0,0.0,1.0,0.0
0.0018231398519673037,0.9995410890060014,0.3073797139141745,0.17731696995345558,0,0.6157635467980295,2022,8,3,0,0.0,0.0,1.0,0.0,0.0,0.0,0.0
0.45577976886118693,0.213448628818095,0.4972366710013003,0.46508675412611566,0,0.49753694581280794,2022,8,3,0,0.0,1.0,0.0,0.0,0.0,0.0,0.0
0.7378366445916116,0.891659778609213,0.7183029908972696,0.5158696572154042,0,0.43842364532019695,2022,8,3,1,0.0,0.0,0.0,0.0,0.0,0.0,1.0
0.45321646539410476,0.21332278244357417,0.6324772431729522,0.5395683453237403,1,0.33990147783251234,2022,9,4,0,0.0,1.0,0.0,0.0,0.0,0.0,0.0
0.9960862225684977,0.6398487603308507,0.8028283485045518,0.14346170122725965,1,0.044334975369458074,2022,9,4,1,0.0,0.0,0.0,0.0,0.0,1.0,0.0
0.9943643682638621,0.0004523221785787124,0.5349479843953189,0.5327972915785075,0,0.43842364532019695,2022,9,4,0,0.0,0.0,0.0,1.0,0.0,0.0,0.0
0.9960862225684977,0.00018053354250624487,0.3398894668400523,0.5768091409225597,0,0.3694581280788177,2022,9,4,0,0.0,0.0,0.0,1.0,0.0,0.0,0.0
0.9939228671601092,0.0007178514400021374,0.5050390117035115,0.5463393990689838,0,0.3004926108374384,2022,10,4,0,0.0,0.0,0.0,1.0,0.0,0.0,0.0
0.5597974289053371,0.7541541657620772,0.43871911573472033,0.7596275920440156,0,0.6256157635467979,2022,10,4,0,0.0,0.0,0.0,0.0,1.0,0.0,0.0
0.7356810803791717,0.8918946698789336,0.5986671001300392,0.651290732120188,1,0.6551724137931033,2022,10,4,0,0.0,0.0,0.0,0.0,0.0,0.0,1.0
0.9928320997273083,0.00031066264705004176,0.25536410923276964,0.5971223021582759,2,0.7438423645320197,2022,10,4,0,0.0,0.0,0.0,1.0,0.0,0.0,0.0
0.0037735359044279715,0.9995661265045971,0.43871911573472033,0.5666525603046999,2,0.41871921182266003,2022,10,4,0,0.0,0.0,1.0,0.0,0.0,0.0,0.0
0.7398389819503961,0.8915892782842196,0.5375487646293893,0.8341091832416438,1,0.46798029556650234,2022,11,4,0,0.0,0.0,0.0,0.0,0.0,0.0,1.0
0.9939046877028959,0.0003851162612953374,0.46602730819245775,0.7596275920440156,0,0.1921182266009852,2022,11,4,0,0.0,0.0,0.0,1.0,0.0,0.0,0.0
0.45463965718737837,0.2130849262069145,0.4491222366710015,0.46508675412611566,0,0.6157635467980295,2022,11,4,0,0.0,1.0,0.0,0.0,0.0,0.0,0.0
0.864903259316972,0.2659927845882336,0.896456436931079,0.0723656369022514,0,0.2216748768472906,2022,11,4,1,1.0,0.0,0.0,0.0,0.0,0.0,0.0
0.9959719516945853,0.6399021297357522,0.5050390117035115,0.39737621667372025,0,0.5665024630541872,2022,11,4,0,0.0,0.0,0.0,0.0,0.0,1.0,0.0
0.7394676016101807,0.8918228517908564,0.6415799739921977,0.2179432924248914,1,0.2413793103448275,2022,12,1,0,0.0,0.0,0.0,0.0,0.0,0.0,1.0
0.8675912219192314,0.266161128822213,0.570058517555267,0.42107490478205634,0,0.43842364532019695,2022,12,1,0,1.0,0.0,0.0,0.0,0.0,0.0,0.0
0.9925282430853137,0.000543577272144713,0.6727893368010407,0.3432077867118082,0,0.29064039408866993,2022,12,1,0,0.0,0.0,0.0,1.0,0.0,0.0,0.0
0.8673237241916636,0.265844865682056,0.48813394018205436,0.8713499788404562,0,0.46798029556650234,2022,12,1,0,1.0,0.0,0.0,0.0,0.0,0.0,0.0
0.8665134398130114,0.2658099449603304,0.6467815344603385,0.4041472704189637,0,0.29064039408866993,2023,1,1,0,1.0,0.0,0.0,0.0,0.0,0.0,0.0
0.9985482404882484,0.6400658617989377,0.38410273081924595,0.25518408802370374,0,0.7339901477832512,2023,1,1,0,0.0,0.0,0.0,0.0,0.0,1.0,0.0
0.9959433839761072,0.6399620879560737,0.11622236671001307,0.8611933982225963,2,0.605911330049261,2023,1,1,0,0.0,0.0,0.0,0.0,0.0,1.0,0.0
0.9977795091546555,0.6398342649369269,0.3151820546163848,0.5361828184511239,2,0.7339901477832512,2023,1,1,0,0.0,0.0,0.0,0.0,0.0,1.0,0.0
0.9969692247760034,0.6399281555566609,0.8860533159947992,0.04189589504867186,0,0.43842364532019695,2023,1,1,1,0.0,0.0,0.0,0.0,0.0,1.0,0.0
0.9942864563043763,0.0002961672531262005,0.24105981794538378,0.6106644096487521,0,0.8226600985221674,2023,2,1,0,0.0,0.0,0.0,1.0,0.0,0.0,0.0
0.8668121023243736,0.26616574099300694,0.21765279583875152,0.6546762589928079,0,0.5172413793103449,2023,2,1,0,1.0,0.0,0.0,0.0,0.0,0.0,0.0
0.8674509803921571,0.26606262603168496,0.4192132639791941,0.10960643250106727,2,0.5862068965517241,2023,2,1,0,1.0,0.0,0.0,0.0,0.0,0.0,0.0
0.45321386832878857,0.21338603507160558,0.7417100130039014,0.20101565806179167,0,0.40886699507389157,2023,2,1,1,0.0,1.0,0.0,0.0,0.0,0.0,0.0
0.8685261654330607,0.2656238109247172,0.563556566970091,0.39060516292848746,1,0.4285714285714285,2023,3,2,0,1.0,0.0,0.0,0.0,0.0,0.0,0.0
0.9972834696792625,0.6397515753034066,0.3697984395318592,0.5835801946677961,1,0.4285714285714285,2023,3,2,0,0.0,0.0,0.0,0.0,0.0,1.0,0.0
0.0010803791715361388,0.9996906551160338,0.2774707412223667,0.739314430808296,0,0.7339901477832512,2023,3,2,0,0.0,0.0,1.0,0.0,0.0,0.0,0.0
0.7348837813271005,0.8917424682427332,0.7339076723016906,0.2213288192975078,0,0.251231527093596,2023,3,2,1,0.0,0.0,0.0,0.0,0.0,0.0,1.0
0.45324763017789904,0.213448628818095,0.4517230169050719,0.4346170122725397,2,0.7438423645320197,2023,3,2,0,0.0,1.0,0.0,0.0,0.0,0.0,0.0
0.7393818984547462,0.8920152452011185,0.5180429128738622,0.3635209479475279,2,0.35960591133004927,2023,4,2,0,0.0,0.0,0.0,0.0,0.0,0.0,1.0
0.5612751590702507,0.7542849537481628,0.7742197659297791,0.4752433347439684,0,0.064039408866995,2023,4,2,1,0.0,0.0,0.0,0.0,1.0,0.0,0.0
0.7384911050512921,0.8916897577193736,0.42571521456436967,0.590351248413036,0,0.8423645320197043,2023,4,2,0,0.0,0.0,0.0,0.0,0.0,0.0,1.0
0.0065290222049084745,0.999678465807507,0.46602730819245775,0.6174354633939956,1,0.6551724137931033,2023,4,2,0,0.0,0.0,1.0,0.0,0.0,0.0,0.0
0.9964160498636543,0.640127796663885,0.5466514954486348,0.5700380871773163,0,0.5566502463054187,2023,5,2,0,0.0,0.0,0.0,0.0,0.0,1.0,0.0
0.9973795610959617,0.6399699945345776,0.38020156046814035,0.4786288616165919,0,0.41871921182266003,2023,5,2,0,0.0,0.0,0.0,0.0,0.0,1.0,0.0
0.0030619400077911973,0.9997067977138128,0.5908647594278285,0.7460854845535323,0,0.4285714285714285,2023,5,2,0,0.0,0.0,1.0,0.0,0.0,0.0,0.0
0.9950188287235426,0.00026421149833943947,0.42571521456436967,0.6648328396106677,1,0.6748768472906405,2023,5,2,0,0.0,0.0,0.0,1.0,0.0,0.0,0.0
0.9964498117127647,0.639820098983774,0.20464889466840042,0.6038933559035122,0,0.852216748768473,2023,5,2,0,0.0,0.0,0.0,0.0,0.0,1.0,0.0
0.45339566290092204,0.2134018482286134,0.5102405721716514,0.5057130765975479,0,0.38916256157635465,2023,6,3,0,0.0,1.0,0.0,0.0,0.0,0.0,0.0
0.9950577847032855,0.0005132687212130449,0.597366710013004,0.37029200169276777,0,0.10344827586206895,2023,6,3,0,0.0,0.0,0.0,1.0,0.0,0.0,0.0
0.7385508375535645,0.8917754123198329,0.3333875162548767,0.7156157426999599,0,0.5665024630541872,2023,6,3,0,0.0,0.0,0.0,0.0,0.0,0.0,1.0
0.9955278535255163,0.0005458833575417987,0.6350780234070226,0.20778671180703157,1,0.5665024630541872,2023,6,3,0,0.0,0.0,0.0,1.0,0.0,0.0,0.0
0.45298792364627977,0.21325854149322981,0.5297464239271781,0.19424460431655177,0,0.5270935960591133,2023,6,3,0,0.0,1.0,0.0,0.0,0.0,0.0,0.0
0.5592598363848852,0.7539933986658307,0.20464889466840042,0.85103681760474,1,0.6256157635467979,2023,7,3,0,0.0,0.0,0.0,0.0,1.0,0.0,0.0
0.8689702636021297,0.2658283936435062,0.1682379713914175,0.4921709691070717,0,0.9310344827586207,2023,7,3,0,1.0,0.0,0.0,0.0,0.0,0.0,0.0
0.4524451369951955,0.21322922126461114,0.5323472041612485,0.5768091409225597,0,0.6354679802955664,2023,7,3,0,0.0,1.0,0.0,0.0,0.0,0.0,0.0
0.9960316841968577,0.000384786820524341,0.24236020806241898,0.5734236140499434,0,0.7241379310344828,2023,7,3,0,0.0,0.0,0.0,1.0,0.0,0.0,0.0
0.8657265290222051,0.26575888164082584,0.5687581274382314,0.46508675412611566,2,0.4482758620689654,2023,8,3,0,1.0,0.0,0.0,0.0,0.0,0.0,0.0
0.8659940267497729,0.26587879808146875,0.3203836150845252,0.7528565382987722,1,0.7832512315270935,2023,8,3,0,1.0,0.0,0.0,0.0,0.0,0.0,0.0
0.5582002337358786,0.754062910668511,0.20985045513654121,0.5497249259416002,0,0.7044334975369458,2023,8,3,0,0.0,0.0,0.0,0.0,1.0,0.0,0.0
0.7352421763407351,0.8917022764686715,0.30477893368010367,0.6445196783749481,1,0.6551724137931033,2023,8,3,0,0.0,0.0,0.0,0.0,0.0,0.0,1.0
0.45171016751071297,0.21334847882371194,0.39450585175552666,0.5192551840880277,0,0.8226600985221674,2023,8,3,0,0.0,1.0,0.0,0.0,0.0,0.0,0.0
0.8687183482664591,0.26570254726898546,0.6623862158647595,0.5632670334320835,0,0.20197044334975367,2023,9,4,0,1.0,0.0,0.0,0.0,0.0,0.0,0.0
0.9978937800285679,0.6400852988044264,0.28267230169050706,0.4684722809987356,0,0.8128078817733989,2023,9,4,0,0.0,0.0,0.0,0.0,0.0,1.0,0.0
0.9945046097909365,0.0005350118120988068,0.5674577373211966,0.5395683453237403,0,0.2413793103448275,2023,9,4,0,0.0,0.0,0.0,1.0,0.0,0.0,0.0
0.45400857031554354,0.21351221088689737,0.45692457737321224,0.5260262378332641,0,0.3004926108374384,2023,9,4,0,0.0,1.0,0.0,0.0,0.0,0.0,0.0
0.9974990261005066,0.639926178912035,0.48943433029909,0.7054591620821036,2,0.4482758620689654,2023,9,4,0,0.0,0.0,0.0,0.0,0.0,1.0,0.0
0.003222958057395142,0.9994106304606866,0.49593628088426556,0.48201438848921185,1,0.5270935960591133,2023,10,4,0,0.0,0.0,1.0,0.0,0.0,0.0,0.0
0.7366445916114792,0.8918324055732153,0.6623862158647595,0.34997884045705163,0,0.13300492610837433,2023,10,4,0,0.0,0.0,0.0,0.0,0.0,0.0,1.0
0.9991040124659136,0.6400596024242886,0.2488621586475941,0.7562420651713921,0,0.605911330049261,2023,10,4,0,0.0,0.0,0.0,0.0,0.0,1.0,0.0
0.8673211271263473,0.2659651115634699,0.4556241872561766,0.40076174354634375,2,0.4285714285714285,2023,10,4,0,1.0,0.0,0.0,0.0,0.0,0.0,0.0
0.001301129723412564,0.9994415978931603,0.48813394018205436,0.39399068980110385,0,0.605911330049261,2023,11,4,0,0.0,0.0,1.0,0.0,0.0,0.0,0.0
0.9960836255031815,0.00034854833571473787,0.5479518855656695,0.5700380871773163,0,0.5270935960591133,2023,11,4,0,0.0,0.0,0.0,1.0,0.0,0.0,0.0
0.0025892741202441227,0.9997008677799348,0.5947659297789336,0.2517985611510838,1,0.5467980295566502,2023,11,4,0,0.0,0.0,1.0,0.0,0.0,0.0,0.0
0.9953045059083236,0.0003182397847829588,0.5089401820546162,0.620820990266612,1,0.4581280788177339,2023,11,4,0,0.0,0.0,0.0,1.0,0.0,0.0,0.0
0.003882612647708117,0.9999680442452132,0.3476918075422626,0.35674989420229153,0,0.6551724137931033,2023,11,4,0,0.0,0.0,1.0,0.0,0.0,0.0,0.0
0.4535852486690041,0.21328160234719962,0.7846228868660599,0.1333051206093998,1,0.3793103448275862,2023,12,1,1,0.0,1.0,0.0,0.0,0.0,0.0,0.0
0.559810414231918,0.7544994196900818,0.8899544863459039,0.17731696995345558,1,0.11330049261083741,2023,12,1,1,0.0,0.0,0.0,0.0,1.0,0.0,0.0
0.8680950525905728,0.2658527722605599,0.49203511053315996,0.5192551840880277,0,0.21182266009852213,2023,12,1,0,1.0,0.0,0.0,0.0,0.0,0.0,0.0
0.9968134008570317,0.6397183017855359,0.4049089726918078,0.8036394413880679,1,0.3793103448275862,2023,12,1,0,0.0,0.0,0.0,0.0,0.0,1.0,0.0
0.9978885858979356,0.6397861665843614,0.4465214564369311,0.6716038933559076,0,0.5862068965517241,2023,12,1,0,0.0,0.0,0.0,0.0,0.0,1.0,0.0
